"","X","Y","pa","grass.perc","dev.perc","wet.perc","wood.perc","ag.perc","precip","tmax","tmin","tmean"
"1",-95.246522,38.952949,1,0.00776132156080889,0.968029051552264,0.000142409569923099,0.0233551694673882,0.000427228709769296,950.722584446122,18.7709792707474,6.31570123316792,12.5432929932413
"2",-96.609134,39.106883,1,0.504868168573662,0.0287115343614526,0.0128633359391657,0.244190178381067,0.208940373818492,870.616093311138,19.0670575550486,5.52628195223669,12.2966299932926
"3",-94.935762,39.326945,1,0.132865646258503,0.731150793650794,0.00240929705215419,0.108772675736961,0.0244472789115646,831.981307116869,18.5381859082125,6.23349809222355,12.3857924858176
"4",-95.262359,38.946528,1,0.0352388410336727,0.912579198405354,7.11895778458034e-05,0.0422866092404072,0.00939702427564605,948.807652681317,18.6909770597464,6.41189370505997,12.5514087852113
"5",-94.731252,38.973438,1,0.00363273737445687,0.980767860958758,0.000641071301374742,0.0142460289194387,0.000356150722985968,915.791707276772,18.7207086236342,6.97331844842365,12.8469902730145
"6",-95.080705,39.256482,1,0.258899446886966,0.027017444334137,0.00893490285065948,0.348603035030492,0.355126932350021,800.578897476524,18.6273819279577,6.01906966299801,12.3231483937009
"7",-95.655619,39.000222,1,0.174482316943002,0.712089945207429,0.00533693873194336,0.077919305486373,0.0298156977157902,909.236248799949,19.423545929056,6.17439984237405,12.7989734529166
"8",-95.269103,38.961983,1,0.0250694394986112,0.923224841535503,0,0.0420910191581796,0.009258599814828,948.807652681317,18.6909770597464,6.41189370505997,12.5514087852113
"9",-95.236389,38.968333,1,0.0274118903524386,0.859878960484158,0.0559629761480954,0.0399430402278391,0.0160199359202563,952.637516210928,18.8509814817484,6.21950876127586,12.5351772012712
"10",-97.74855,39.494884,1,0.320876015542211,0.0349699752737549,0.00438007771105616,0.0796891557753444,0.55987283645355,578.283886646756,19.2456697045188,4.99922378896388,12.1223739459191
"11",-95.512608,39.668016,1,0.194207596363893,0.273976463956028,0.0479176943132972,0.10443238672398,0.378690719470087,790.169931579244,18.0302477847529,4.40887956250045,11.2195368375909
"12",-95.24413,38.95266,1,0.0094722598105548,0.974360800512784,7.12199985756e-05,0.0153835196923296,0.0004273199914536,952.637516210928,18.8509814817484,6.21950876127586,12.5351772012712
"13",-97.435996,38.12908,1,0.103458213256484,0.337968299711816,0.00929394812680115,0.0360951008645533,0.512896253602306,681.680767144516,20.591758253678,6.29933577643963,13.4455122384561
"14",-97.587062,38.810787,1,0.0889760970388869,0.751123795932929,0.0268283981448448,0.0469496967534784,0.0853371387798787,765.671466443735,20.5252357460179,6.08757831792404,13.306357518335
"15",-94.818975,39.009964,1,0.169963005122368,0.50021343198634,0.0102447353443369,0.310970404097894,0.00583380762663631,901.421151880144,18.7669611721441,6.91685466170989,12.8419141037009
"16",-94.863708,38.891013,1,0.165455322787516,0.569402878723101,0.0370528715975488,0.219181986603962,0.00769559640872168,920.90483887708,18.7818250532376,6.76389035416007,12.7728308190325
"17",-95.433262,39.651567,1,0.10984126984127,0.0526984126984127,0.00747795414462081,0.0881128747795415,0.741164021164021,803.105433263277,17.9524880409462,4.33897854449483,11.1456951501267
"18",-94.943521,38.883323,1,0.503027712474175,0.0918287383344019,0.0176675927904823,0.175464842915153,0.210942509083137,958.227612629853,18.7998506475752,6.47427915883951,12.6370439436677
"19",-95.236926,38.943071,1,0.0721664173256394,0.877822896630334,0.00363325496901047,0.0415330911163354,0.00334829379497043,952.637516210928,18.8509814817484,6.21950876127586,12.5351772012712
"20",-95.14972,39.531887,1,0.33909912454109,0.0924879977407512,0.0160265461733973,0.0878282970912172,0.463781417678622,780.328337127494,18.0803219745819,5.38279224536929,11.7315414884511
"21",-95.756897,39.00685,1,0.0800369948776323,0.762307911212294,0.0199203187250996,0.136738759248719,0.000853727945361412,896.165032188158,19.1334279801209,5.88395395846109,12.5086740897734
"22",-95.236252,38.962297,1,0.019945861233794,0.899914517737569,0.034050434534834,0.0321270836301467,0.0136771619888873,952.637516210928,18.8509814817484,6.21950876127586,12.5351772012712
"23",-94.708704,38.891062,1,0.0215130360450207,0.92612907821627,0.000213705656076364,0.0473714204302607,0.00448781877760365,937.657092662453,18.7515006933214,7.05918994153608,12.9052935390077
"24",-95.237495,38.93643,1,0.137648650573239,0.750694296090579,0.02122053692231,0.0563269956561988,0.0245674001281777,952.637516210928,18.8509814817484,6.21950876127586,12.5351772012712
"25",-95.261222,38.967563,1,0.0105368076320661,0.967748825288338,0,0.0143101238786843,0.00740424320091129,948.807652681317,18.6909770597464,6.41189370505997,12.5514087852113
"26",-96.57958,39.192324,1,0.0263307310149042,0.947125621007807,0.00092264017033357,0.0144783534421576,0.00979418026969482,868.370301904459,18.9488293430408,5.40864726189838,12.1787015943248
"27",-94.731411,38.973144,1,0.00370238519045924,0.98063367746529,0.000640797436810253,0.014311142755429,0.000355998576005696,915.791707276772,18.7207086236342,6.97331844842365,12.8469902730145
"28",-97.876321,38.087892,1,0.319374369323915,0.491639037047715,0.00843304021911489,0.130171543895056,0.0480034597088078,535.261447322319,20.8954633424785,5.72038000930052,13.307860404076
"29",-95.513375,39.06995,1,0.0632866386972908,0.0371897888075091,0.0984142786034274,0.0862547109436109,0.711370262390671,864.132718840933,19.0638917457252,5.98391697835665,12.5238817517481
"30",-95.262359,38.946528,1,0.0352388410336727,0.912579198405354,7.11895778458034e-05,0.0422866092404072,0.00939702427564605,948.807652681317,18.6909770597464,6.41189370505997,12.5514087852113
"31",-95.171638,39.544422,1,0.43710292249047,0.11725257659184,0.019130312014683,0.174008188620641,0.25151771848087,781.14897321492,18.0322180007249,5.24320866649936,11.6377223710907
"32",-94.830399,38.966274,1,0.15076199971514,0.56423586383706,0.0133884062099416,0.258866258367754,0.011038313630537,909.547552922889,18.7420824425373,6.8003335974496,12.77114751938
"33",-94.636448,39.00923,1,0.0011378991536875,0.998719863452102,0,0,0.000142237394210938,921.251494967619,18.7770223009778,7.15197413471312,12.9644604118518
"34",-95.237672,38.936488,1,0.136771619888873,0.753169967231799,0.0208006838580994,0.0556347057985468,0.0241487391366291,952.637516210928,18.8509814817484,6.21950876127586,12.5351772012712
"35",-95.262359,38.946528,1,0.0352388410336727,0.912579198405354,7.11895778458034e-05,0.0422866092404072,0.00939702427564605,948.807652681317,18.6909770597464,6.41189370505997,12.5514087852113
"36",-95.512526,39.668574,1,0.195163223577522,0.27279136994994,0.0488613128393147,0.105478389621378,0.377071141507438,790.169931579244,18.0302477847529,4.40887956250045,11.2195368375909
"37",-96.58487,39.195253,1,0.053236797274276,0.876632595116411,0.00347813742191936,0.0289608177172061,0.0359880749574106,856.094597560293,18.8214770380859,5.30680811659238,12.0641129505816
"38",-95.249053,38.918472,1,0.274315459212778,0.296135196805476,0.036437535653166,0.190673131774102,0.190173987450086,929.352050119051,18.7307507552666,6.23233131521642,12.4815198387695
"39",-94.731368,38.973118,1,0.00370238519045924,0.980704877180491,0.000640797436810253,0.0142399430402278,0.000355998576005696,915.791707276772,18.7207086236342,6.97331844842365,12.8469902730145
"40",-95.266373,38.960938,1,0.0256556442417332,0.922534207525656,0,0.0421892816419612,0.00926453819840365,948.807652681317,18.6909770597464,6.41189370505997,12.5514087852113
"41",-95.713852,39.035831,1,0.0250266619267686,0.968290081763242,0,0.00625666548169214,0.000426590828297192,880.837039347515,19.1248166400798,5.85386604932618,12.4892784686903
"42",-95.237538,38.936574,1,0.136068960604118,0.754149747096958,0.0207309254114127,0.0558523901118473,0.0237942580323431,952.637516210928,18.8509814817484,6.21950876127586,12.5351772012712
"43",-95.2425,38.97372,1,0.0319663961270112,0.829773601025203,0.0640039869001851,0.0503346148369643,0.0230670653566852,920.577411288871,19.0999372665337,5.9269650496672,12.513389647668
"44",-95.237722,38.970833,1,0.0303246013667426,0.846099088838269,0.0624288154897494,0.0428530751708428,0.0175113895216401,920.577411288871,19.0999372665337,5.9269650496672,12.513389647668
"45",-94.8995,38.88082,1,0.390532544378698,0.141655378912098,0.00798460112639909,0.270193198830826,0.189135239181578,951.398143307093,18.8474222330786,6.61398408549476,12.7306741699177
"46",-95.495846,38.90237,1,0.411383387947001,0.024647385667474,0.0366861376264425,0.373842427696253,0.148026784442228,926.2063799362,18.802842050983,6.16723405686876,12.4850048512452
"47",-94.914151,39.315172,1,0.0128259637188209,0.651998299319728,0.0359268707482993,0.0229591836734694,0.00205498866213152,831.981307116869,18.5381859082125,6.23349809222355,12.3857924858176
"48",-97.875892,38.088677,1,0.323470122390209,0.480489560835133,0.00871130309575234,0.137005039596832,0.047732181425486,535.261447322319,20.8954633424785,5.72038000930052,13.307860404076
"49",-95.252911,38.980322,1,0.0350227790432802,0.809367881548975,0.0600085421412301,0.0528900911161731,0.0415717539863326,913.933919001578,18.8598384037995,6.28958884123112,12.574690861211
"50",-95.702261,39.023105,1,0.0341709973659856,0.946750195771339,0,0.0184381006620631,0.00064070620061223,876.287339979566,19.3681434214691,6.10264780928238,12.7353681495423
"51",-94.618953,38.906564,1,0.0051333238271781,0.754527306430914,0.00149721944959361,0.0288749465278768,0,925.035015936305,18.9099142362516,7.34939173079201,13.1296025210598
"52",-95.249022,38.969865,1,0.0131016804329251,0.902734263742524,0.0399458843634292,0.0314013101680433,0.0123896325833096,948.807652681317,18.6909770597464,6.41189370505997,12.5514087852113
"53",-94.915556,39.24937,1,0.23547335600907,0.424957482993197,0.00595238095238095,0.251275510204082,0.0818452380952381,874.772839487273,18.6921302521774,6.42033673561034,12.5561934765209
"54",-95.24413,38.95266,1,0.0094722598105548,0.974360800512784,7.12199985756e-05,0.0153835196923296,0.0004273199914536,952.637516210928,18.8509814817484,6.21950876127586,12.5351772012712
"55",-95.264114,38.948078,1,0.0337510680717744,0.913201367131871,7.12047849615494e-05,0.0432213044716605,0.00939903161492452,948.807652681317,18.6909770597464,6.41189370505997,12.5514087852113
"56",-96.581658,39.189742,1,0.0127058489494605,0.944491766042022,0.00454287336740488,0.0321550255536627,0.0052526973310619,856.094597560293,18.8214770380859,5.30680811659238,12.0641129505816
"57",-95.263542,38.948095,1,0.0336182336182336,0.914458689458689,7.12250712250712e-05,0.0420940170940171,0.0094017094017094,948.807652681317,18.6909770597464,6.41189370505997,12.5514087852113
"58",-95.536406,39.853026,1,0.207667956384101,0.423074217376011,0.0050650721069293,0.0201195919803025,0.342666197678509,710.522236384251,17.7266297135798,3.90050671542713,10.8135279112094
"59",-95.452056,39.663444,1,0.138526612618964,0.0363059569968276,0.0062037363412055,0.0931265421219598,0.725414169897779,803.105433263277,17.9524880409462,4.33897854449483,11.1456951501267
"60",-95.241261,38.963715,1,0.011812424393368,0.936810645413791,0.0294599018003273,0.0202803671813848,0.00135202447875898,952.637516210928,18.8509814817484,6.21950876127586,12.5351772012712
"61",-94.684263,38.579297,1,0.4687432867884,0.0861439312567132,0.0103831006086645,0.334622269960616,0.0995345506623702,1142.25461310475,18.693417912173,6.62098488473688,12.6571622819451
"62",-96.605696,39.107343,1,0.504297180197457,0.0277008310249307,0.0134952766531714,0.258185950706726,0.195610483699126,870.616093311138,19.0670575550486,5.52628195223669,12.2966299932926
"63",-95.307165,38.941555,1,0.158760683760684,0.65491452991453,0.0221509971509972,0.101139601139601,0.0621082621082621,920.11559521545,18.5238992068425,6.27782118116999,12.4008543376141
"64",-95.24058,38.973149,1,0.0348166607333571,0.827981488074048,0.0653613385546458,0.0495550017799929,0.0214311142755429,920.577411288871,19.0999372665337,5.9269650496672,12.513389647668
"65",-94.618203,38.880089,1,0.0685596061924806,0.642220161232789,0.00413783263180424,0.0120567881857744,0.0460155525433402,961.070667045955,18.7129188735697,7.08743583842201,12.900144423827
"66",-94.922464,39.311235,1,0.00750920940776424,0.839756304902239,0.0252904505525645,0.0520685746670445,0.000779257580051006,831.981307116869,18.5381859082125,6.23349809222355,12.3857924858176
"67",-97.663183,39.555092,1,0.259711823703913,0.412417008051985,0.00416725526204266,0.0731741771436644,0.249470264161605,561.20505434742,19.4722380754064,5.86606083499548,12.6691189032175
"68",-95.231523,38.967575,1,0.0344066106282946,0.821555777176236,0.0552785297050862,0.0457330104003419,0.0423849551218122,952.637516210928,18.8509814817484,6.21950876127586,12.5351772012712
"69",-94.74952,38.899455,1,0.063969226385525,0.860877617894287,0.000569881749536971,0.0499358883031771,0.0233651517310158,929.330651355262,18.7246265140836,6.98062852139574,12.8526210877687
"70",-95.746255,38.999642,1,0.185427636260139,0.628788956880603,0.00604810018500071,0.169916038138608,0.00946349793653052,893.346590086222,19.2574935815366,6.02298397132892,12.6402046503829
"71",-95.239651,38.953804,1,0.0066220450014241,0.983836513813728,0.000142409569923099,0.00904300769011678,0.000356023924807747,952.637516210928,18.8509814817484,6.21950876127586,12.5351772012712
"72",-94.682213,38.999603,1,0.00362808565127694,0.993526356975173,0,0.00277441843921178,7.11389343387636e-05,917.357363600387,18.7045798418388,7.01390956759106,12.8592162399478
"73",-95.511865,39.666703,1,0.193780410408293,0.265002468091108,0.0430153021648685,0.106198434525069,0.391227699033919,790.169931579244,18.0302477847529,4.40887956250045,11.2195368375909
"74",-94.915946,38.616764,1,0.483658728455982,0.060573553600801,0.0102982192662519,0.122791961667739,0.32231995995137,1056.16141868392,18.8958581075519,6.39696795260485,12.6463567803769
"75",-95.249022,38.969865,1,0.0131016804329251,0.902734263742524,0.0399458843634292,0.0314013101680433,0.0123896325833096,948.807652681317,18.6909770597464,6.41189370505997,12.5514087852113
"76",-95.235633,38.914055,1,0.40210886292391,0.14576802507837,0.0511541749786264,0.220646907950983,0.165360501567398,939.00120881679,18.8000302532533,6.19532725766295,12.4976445046462
"77",-97.876594,38.087911,1,0.319020172910663,0.493443804034582,0.00835734870317003,0.128818443804035,0.0479827089337176,535.261447322319,20.8954633424785,5.72038000930052,13.307860404076
"78",-97.876612,38.087772,1,0.317837837837838,0.495207207207207,0.00836036036036036,0.128072072072072,0.0481441441441441,535.261447322319,20.8954633424785,5.72038000930052,13.307860404076
"79",-94.752205,38.896454,1,0.0666096744318587,0.859941582959322,0.000569922348080074,0.0477309966517062,0.0238654983258531,929.330651355262,18.7246265140836,6.98062852139574,12.8526210877687
"80",-94.797937,38.9893,1,0.226564168268204,0.316819702469927,0.0423517688091679,0.405438109473984,0.00718912378105203,901.421151880144,18.7669611721441,6.91685466170989,12.8419141037009
"81",-94.863717,38.890997,1,0.165455322787516,0.569331623200798,0.0371241271198518,0.219181986603962,0.00769559640872168,920.90483887708,18.7818250532376,6.76389035416007,12.7728308190325
"82",-94.974178,37.228404,1,0.222222222222222,0.0768670309653916,0.409908925318761,0.115409836065574,0.146302367941712,817.180730189787,20.5042102913722,7.72014898962571,14.1120849560916
"83",-95.512323,39.668055,1,0.194246633293379,0.272579849115138,0.0478037086653035,0.10413875766763,0.380525981809208,790.169931579244,18.0302477847529,4.40887956250045,11.2195368375909
"84",-97.876268,38.088007,1,0.320187454938717,0.489906272530642,0.00843547224224946,0.131074260994953,0.0480173035328046,535.261447322319,20.8954633424785,5.72038000930052,13.307860404076
"85",-95.236252,38.962297,1,0.019945861233794,0.899914517737569,0.034050434534834,0.0321270836301467,0.0136771619888873,952.637516210928,18.8509814817484,6.21950876127586,12.5351772012712
"86",-95.235533,38.961912,1,0.0210841228007693,0.896003988888097,0.0339767789728613,0.033122017237695,0.0155281715221882,952.637516210928,18.8509814817484,6.21950876127586,12.5351772012712
"87",-94.840395,38.895378,1,0.0963743856400028,0.783104209701546,0.00356150722985968,0.108839660944512,0.00690932402592777,920.90483887708,18.7818250532376,6.76389035416007,12.7728308190325
"88",-97.161094,37.288038,1,0.123379461034232,0.150837581937363,0.181136198106336,0.141369264384559,0.397378004369993,769.553020717888,21.3261282519561,7.65638382698806,14.4911939431785
"89",-95.237364,38.958274,1,0.0111791512389633,0.946097977784107,0.0190828823696952,0.0191540871546568,0.00427228709769297,952.637516210928,18.8509814817484,6.21950876127586,12.5351772012712
"90",-95.315497,38.914445,1,0.261328013679111,0.223282986605871,0.119051011684241,0.233043602165859,0.161014534055286,924.123699432505,18.64466861815,6.18763282529141,12.4161223019074
"91",-95.415274,38.478098,1,0.591573516766982,0.0381198051017484,0.00379764975637719,0.165090283748925,0.201347090856979,832.519964383096,19.0668786419809,6.36960821512228,12.7182168191852
"92",-94.85363,38.878855,1,0.103706343549537,0.710049893086244,0.0485388453314326,0.115181753385602,0.0209550962223806,937.037995592919,18.8311195958455,6.75307343574445,12.7920403523428
"93",-95.243355,38.955749,1,0.00220703403104087,0.990103944183397,7.11946461626086e-05,0.00754663249323651,7.11946461626086e-05,952.637516210928,18.8509814817484,6.21950876127586,12.5351772012712
"94",-95.702664,39.022883,1,0.0341369746106251,0.946589858473793,0,0.0186330986416329,0.000640068273949221,876.287339979566,19.3681434214691,6.10264780928238,12.7353681495423
"95",-95.236252,38.962297,1,0.019945861233794,0.899914517737569,0.034050434534834,0.0321270836301467,0.0136771619888873,952.637516210928,18.8509814817484,6.21950876127586,12.5351772012712
"96",-94.863695,38.890945,1,0.165537408173454,0.570430069181941,0.037158547892447,0.217958776121532,0.00770273161686042,920.90483887708,18.7818250532376,6.76389035416007,12.7728308190325
"97",-96.583412,39.171403,1,0.0464191922776634,0.548229114912343,0.0310171055433317,0.11661579955994,0.256015331109376,869.52584004332,19.0723975755509,5.45288314497363,12.2625866260912
"98",-94.810493,38.890514,1,0.0139660823713838,0.960880718255665,0.000570044178423828,0.0243693886276186,0.000213766566908935,916.942538069096,18.7484019490266,6.90697936183127,12.8277092249039
"99",-94.651736,38.882261,1,0.0286385979910237,0.945073733703783,0.00121108498967016,0.0114696872551115,0.0133931751798817,933.667218358081,18.7169698981979,7.09774516072322,12.9072863862452
"100",-95.229418,38.969344,1,0.0435525192143467,0.776971249644179,0.0631938514090521,0.0508112724167378,0.0646883005977797,952.637516210928,18.8509814817484,6.21950876127586,12.5351772012712
"101",-96.595262,39.189797,1,0.0160465776767964,0.899318375461517,0.00951434251633059,0.0659613746094859,0.00823629650667424,856.094597560293,18.8214770380859,5.30680811659238,12.0641129505816
"102",-94.8995,38.88082,1,0.390532544378698,0.141655378912098,0.00798460112639909,0.270193198830826,0.189135239181578,951.398143307093,18.8474222330786,6.61398408549476,12.7306741699177
"103",-94.638039,38.9358,1,0.0193006196139876,0.919165301616694,0.0036322199273556,0.0534862189302756,0.0022078199558436,920.535638875195,18.8847941551932,7.24742011796381,13.0660468014188
"104",-94.8995,38.88082,1,0.390532544378698,0.141655378912098,0.00798460112639909,0.270193198830826,0.189135239181578,951.398143307093,18.8474222330786,6.61398408549476,12.7306741699177
"105",-95.237853,38.936517,1,0.136557914232797,0.754594671605642,0.020515742983331,0.0550648240490098,0.0238637982618607,952.637516210928,18.8509814817484,6.21950876127586,12.5351772012712
"106",-94.731361,38.973114,1,0.00370159453302961,0.980708997722096,0.000640660592255125,0.0142369020501139,0.000355922551252847,915.791707276772,18.7207086236342,6.97331844842365,12.8469902730145
"107",-97.665048,39.556086,1,0.25151771848087,0.423266977269519,0.00409431032048567,0.0784272201044755,0.241634900465904,561.20505434742,19.4722380754064,5.86606083499548,12.6691189032175
"108",-95.702003,39.022669,1,0.0341296928327645,0.94688566552901,0,0.0183447098976109,0.000639931740614334,876.287339979566,19.3681434214691,6.10264780928238,12.7353681495423
"109",-95.445906,39.11691,1,0.161017551339444,0.090172671072266,0.417821360051162,0.251545512683863,0.0776664534925034,868.088392862306,18.7536465508474,5.91886219125174,12.3362155864804
"110",-94.915519,39.248932,1,0.237321795872048,0.419320519185758,0.00595786935243634,0.252358323285339,0.0845450031917157,874.772839487273,18.6921302521774,6.42033673561034,12.5561934765209
"111",-95.239694,38.953638,1,0.00733618233618234,0.982692307692308,0.000142450142450142,0.0094017094017094,0.000427350427350427,952.637516210928,18.8509814817484,6.21950876127586,12.5351772012712
"112",-95.236225,38.963928,1,0.0196623210087626,0.892783358267436,0.038113557027855,0.0340528602977844,0.015102942224122,952.637516210928,18.8509814817484,6.21950876127586,12.5351772012712
"113",-97.876922,38.088779,1,0.326101059612196,0.484249981979384,0.00836156563108196,0.130829669141498,0.0480069199163843,535.261447322319,20.8954633424785,5.72038000930052,13.307860404076
"114",-95.249092,38.918438,1,0.274579652322599,0.295454545454545,0.036335138216016,0.190795098318609,0.190652607580507,929.352050119051,18.7307507552666,6.23233131521642,12.4815198387695
"115",-94.869461,38.875885,1,0.204321780059906,0.507488232777065,0.0527742119526458,0.197618028811867,0.0371558978747682,937.037995592919,18.8311195958455,6.75307343574445,12.7920403523428
"116",-96.574467,39.215137,1,0.134956694590373,0.505821382933409,0.00688627005537413,0.0232145392588386,0.326423399119693,868.370301904459,18.9488293430408,5.40864726189838,12.1787015943248
"117",-97.340796,38.075588,1,0.130159187495498,0.352157314701433,0.00857163437297414,0.081466541813729,0.426636894043074,699.681416344132,20.6179558507458,6.30138821482179,13.459621619376
"118",-94.763437,39.007267,1,0.0864584074574824,0.770298156977158,0.00540809791503593,0.135487084608269,0.00177897957731445,903.705797432278,18.7491220364876,6.95861896760965,12.8538658190321
"119",-94.660132,38.944781,1,0.00748023081855097,0.960532877395455,0.00128232528318017,0.0295647218066538,0.000356201467550046,920.535638875195,18.8847941551932,7.24742011796381,13.0660468014188
"120",-94.711687,38.858961,1,0.193316232007981,0.74903805044891,0.00712555223029785,0.0407581587573037,0.00933447342169018,955.06557069637,18.7219032745485,7.05876394767415,12.8902837522039
"121",-95.24413,38.95266,1,0.0094722598105548,0.974360800512784,7.12199985756e-05,0.0153835196923296,0.0004273199914536,952.637516210928,18.8509814817484,6.21950876127586,12.5351772012712
"122",-94.922464,39.311286,1,0.00764547642644769,0.839657369389778,0.0252017556279201,0.0515361744301288,0.00120345462268158,831.981307116869,18.5381859082125,6.23349809222355,12.3857924858176
"123",-95.2395,38.953561,1,0.00768683274021352,0.981921708185053,0.000142348754448399,0.0098220640569395,0.000427046263345196,952.637516210928,18.8509814817484,6.21950876127586,12.5351772012712
"124",-97.876065,38.087934,1,0.319207207207207,0.48972972972973,0.00843243243243243,0.13218018018018,0.048,535.261447322319,20.8954633424785,5.72038000930052,13.307860404076
"125",-95.237722,38.970833,1,0.0303246013667426,0.846099088838269,0.0624288154897494,0.0428530751708428,0.0175113895216401,920.577411288871,19.0999372665337,5.9269650496672,12.513389647668
"126",-96.572097,39.182092,1,0.015122470713525,0.811288604898828,0.0386226482073127,0.0392616258430955,0.0942847000354988,868.370301904459,18.9488293430408,5.40864726189838,12.1787015943248
"127",-94.818983,39.009958,1,0.170022053069645,0.500177847335847,0.010244006544782,0.310948281994736,0.00583339261577862,901.421151880144,18.7669611721441,6.91685466170989,12.8419141037009
"128",-95.284722,38.957097,1,0.0258620689655172,0.911726987745797,7.12453690510117e-05,0.0532915360501567,0.00897691650042747,948.807652681317,18.6909770597464,6.41189370505997,12.5514087852113
"129",-94.905851,39.118887,1,0.343033572290439,0.216338987862872,0.00986585279295905,0.352260628859394,0.0774362978209951,910.948225095567,18.6728422860612,6.65655209979532,12.6646696070774
"130",-97.053677,37.047789,1,0.237312887915298,0.344505293902884,0.138152610441767,0.125666301569916,0.146111719605695,766.373285341023,21.7861963844569,7.60575179743387,14.6959292284253
"131",-94.882292,39.171716,1,0.355257556406982,0.260678302823897,0.0286646800056762,0.181921384986519,0.171988080034057,900.518693300542,18.6792719802038,6.63322914258825,12.6561651956143
"132",-95.236252,38.962297,1,0.019945861233794,0.899914517737569,0.034050434534834,0.0321270836301467,0.0136771619888873,952.637516210928,18.8509814817484,6.21950876127586,12.5351772012712
"133",-94.652494,38.88209,1,0.0281599771868539,0.945676195907892,0.001211948385257,0.011406573037713,0.013331432237827,933.667218358081,18.7169698981979,7.09774516072322,12.9072863862452
"134",-95.241853,38.92025,1,0.297201054055979,0.304821593903568,0.044868599102628,0.202763335944733,0.135816537283669,939.00120881679,18.8000302532533,6.19532725766295,12.4976445046462
"135",-94.731339,38.973242,1,0.00370423137199031,0.980624020515743,0.000641116968229092,0.0143182789571164,0.000356176093460607,915.791707276772,18.7207086236342,6.97331844842365,12.8469902730145
"136",-94.748321,38.847632,1,0.200628077938762,0.664620655199486,0.0206266504889016,0.0314752694311612,0.0822211119834416,944.148301109799,18.7199745470587,7.00589668583483,12.8629249472034
"137",-95.552108,38.941168,1,0.57123531505874,0.047063011747953,0.0114631541473834,0.196511213955144,0.173371306514774,894.986908240657,19.1903533299737,6.18766001315198,12.689002152788
"138",-95.242008,38.953729,1,0.00562437704684608,0.985476292182828,7.11946461626086e-05,0.00854335753951303,0.000284778584650434,952.637516210928,18.8509814817484,6.21950876127586,12.5351772012712
"139",-94.805357,38.87866,1,0.0144007984601126,0.977329436087545,0.00092678405931418,0.00556070435588508,0.00149711271119983,930.55844585212,18.7660329597799,6.89541745479571,12.8306935324647
"140",-95.24878,38.918333,1,0.276147050441721,0.291179823311485,0.036548874323169,0.194642348247364,0.189156454830436,929.352050119051,18.7307507552666,6.23233131521642,12.4815198387695
"141",-97.876292,38.087844,1,0.318945016934496,0.492037183829358,0.00843121712185631,0.130287526122361,0.0479210203934568,535.261447322319,20.8954633424785,5.72038000930052,13.307860404076
"142",-96.595878,39.188187,1,0.0129178791965363,0.884590815529846,0.0126339697636454,0.0841791468521542,0.00468450564269998,856.094597560293,18.8214770380859,5.30680811659238,12.0641129505816
"143",-95.24413,38.95266,1,0.0094722598105548,0.974360800512784,7.12199985756e-05,0.0153835196923296,0.0004273199914536,952.637516210928,18.8509814817484,6.21950876127586,12.5351772012712
"144",-95.239521,38.953569,1,0.00761782713939912,0.982058949167023,0.000142389292325217,0.00975366652427738,0.000427167876975651,952.637516210928,18.8509814817484,6.21950876127586,12.5351772012712
"145",-94.793533,38.856966,1,0.0252424415288078,0.967056474614946,0,0.00320878494010268,0.0031374786081004,930.55844585212,18.7660329597799,6.89541745479571,12.8306935324647
"146",-95.254233,38.934467,1,0.135579937304075,0.757908235964662,0.0141065830721003,0.0504417212881163,0.0385437446565973,948.807652681317,18.6909770597464,6.41189370505997,12.5514087852113
"147",-94.660417,39.105756,1,0.00987145799304027,0.916128115900859,0.0286911440948796,0.0440309637099638,0.000142035366806335,903.494808208456,18.7774879232468,7.42147033250281,13.0994184543078
"148",-96.574295,39.1008,1,0.819933176938935,0.00149285561953508,0.00135067889386507,0.172247103149214,0.00490509703561527,893.052301244832,18.8286901097358,5.46426373209798,12.1464100502614
"149",-95.275528,38.9644,1,0.0256428520549897,0.921361920364698,0,0.0440914595056628,0.00890376807464919,948.807652681317,18.6909770597464,6.41189370505997,12.5514087852113
"150",-95.431177,38.505681,1,0.531809714858862,0.0701389883937527,0.00716435019343746,0.0859722023212495,0.304699813726895,832.519964383096,19.0668786419809,6.36960821512228,12.7182168191852
"151",-95.262359,38.946528,1,0.0352388410336727,0.912579198405354,7.11895778458034e-05,0.0422866092404072,0.00939702427564605,948.807652681317,18.6909770597464,6.41189370505997,12.5514087852113
"152",-94.75177,38.898753,1,0.0651554034787568,0.859566581123467,0.000570287995437696,0.0496863416025093,0.0237382378100941,929.330651355262,18.7246265140836,6.98062852139574,12.8526210877687
"153",-95.232735,38.944611,1,0.0554486494191433,0.900363480863802,0.00285083030432613,0.0387000213812273,0.00156795666737937,952.637516210928,18.8509814817484,6.21950876127586,12.5351772012712
"154",-95.237364,38.958274,1,0.0111791512389633,0.946097977784107,0.0190828823696952,0.0191540871546568,0.00427228709769297,952.637516210928,18.8509814817484,6.21950876127586,12.5351772012712
"155",-94.863209,38.819683,1,0.173314306100606,0.187870139136639,0.00313949339992865,0.0379593292900464,0.54077773813771,948.719343869105,18.812245141799,6.70785860377129,12.7599792251401
"156",-94.66256,38.8508,1,0.0503674110009274,0.919098237854034,0.00763358778625954,0.0169793821787829,0.00520796176071913,933.667218358081,18.7169698981979,7.09774516072322,12.9072863862452
"157",-95.640748,39.942303,1,0.076852827537759,0.049104320337197,0.0129258868984896,0.0302072356866877,0.827748507200562,679.016127782112,17.8456926056738,4.0599746730675,10.9527876853491
"158",-97.315033,37.681678,1,0.000362450163102573,0.999202609641174,0,0.000217470097861544,0.000217470097861544,786.187589348714,20.7242039783505,7.19490138521781,13.9595047883747
"159",-95.248296,38.919782,1,0.269956561988179,0.318948942533647,0.0380260628070925,0.185216834009827,0.17510503453678,929.352050119051,18.7307507552666,6.23233131521642,12.4815198387695
"160",-95.26928,38.962087,1,0.0248345548993098,0.923503878175479,0,0.0420550772077137,0.00925069380203515,948.807652681317,18.6909770597464,6.41189370505997,12.5514087852113
"161",-96.440453,39.128681,1,0.610586145648313,0.0368028419182949,0.016056838365897,0.17044404973357,0.158081705150977,873.07188567682,18.8180019472884,5.40250254537802,12.1101832824029
"162",-95.230661,38.969884,1,0.0426108023371811,0.783240701154339,0.0664101467863759,0.0512327205358415,0.0556505629186262,952.637516210928,18.8509814817484,6.21950876127586,12.5351772012712
"163",-94.74694,38.978583,1,0.00989535132056667,0.944970456325194,0.000996654089841247,0.0431408841745568,0.00064070620061223,903.705797432278,18.7491220364876,6.95861896760965,12.8538658190321
"164",-95.239573,38.953603,1,0.00747863247863248,0.982549857549858,0.000142450142450142,0.0094017094017094,0.000427350427350427,952.637516210928,18.8509814817484,6.21950876127586,12.5351772012712
"165",-95.747036,38.998788,1,0.198149466192171,0.607686832740214,0.00661921708185053,0.177366548042705,0.0098220640569395,893.346590086222,19.2574935815366,6.02298397132892,12.6402046503829
"166",-95.293784,38.892338,1,0.31904422253923,0.0641226818830243,0.00427960057061341,0.393295292439372,0.218972895863053,924.123699432505,18.64466861815,6.18763282529141,12.4161223019074
"167",-96.579308,38.36925,1,0.750681981335248,0.0363962670495334,0.0389806173725772,0.0361091170136396,0.136396267049533,952.267115908333,19.4875385377674,5.73476836420536,12.6111143612186
"168",-95.21972,38.951533,1,0.0787581001210568,0.800754824467706,0.00163782667521185,0.0537634408602151,0.0647297585985901,952.637516210928,18.8509814817484,6.21950876127586,12.5351772012712
"169",-95.598309,39.118846,1,0.433056325023084,0.204133816322182,0.00539811066126856,0.269550394204134,0.0872221038426025,856.221891842608,19.2312381880676,5.85064684078345,12.5409263094485
"170",-95.269662,38.962067,1,0.0249074864787931,0.923427270139482,0,0.0420580700256191,0.00925135212069456,948.807652681317,18.6909770597464,6.41189370505997,12.5514087852113
"171",-96.585866,39.192156,1,0.0327275308817265,0.910549481754934,0.0039755785886696,0.0332954706801079,0.0178191111742155,856.094597560293,18.8214770380859,5.30680811659238,12.0641129505816
"172",-97.745717305258,38.8031284129614,0,0.219008854612968,0.0709083119108826,0.00549842902027992,0.0759782919165953,0.628177663524707,767.56120755881,20.5214642329876,5.67259643306201,13.0969673312006
"173",-97.7545131870314,37.5924248818739,0,0.244378354852749,0.040475845060206,0.0388800232119542,0.102712897142028,0.571957057884811,754.565441913544,20.9462803763978,6.94013740147275,13.9431606044646
"174",-99.08942200017,39.3051279697705,0,0.5573444925172,0.0395772749840414,0.00602879636853678,0.00269522661181644,0.2787431732747,566.73778155308,20.490601024383,3.39607643392708,11.9433085094993
"175",-97.7184286611663,37.3779067850619,0,0.140321524696297,0.0419727940641594,0.00436458863752091,0.0351349385320434,0.777842438350186,654.535239331302,20.9054986476031,7.00254333534282,13.9539715138878
"176",-97.2294472121952,39.3319856765687,0,0.34289559427681,0.0320158662700099,0.00212494687632809,0.0994475138121547,0.523516078764698,640.281456488127,19.1386771499003,5.38800973544574,12.263336178251
"177",-98.8868307242069,39.0778645488539,0,0.707128135882311,0.0197569469120887,0.0058986568118826,0.0519508208371829,0.195579560798806,541.061284643335,20.3767786242372,4.02210202763703,12.1993958078531
"178",-101.704782820416,39.1134020550408,0,0.302224749449144,0.0133627123462933,0.000142156514322269,0,0.422844551851589,312.655546312063,19.5674971153407,2.1652273330179,10.8663119813072
"179",-96.3430536895616,37.3850712600106,0,0.852051207448356,0.0274221704975269,0.0168024439918534,0.0960139656677335,0.00749199883619435,849.169068881382,21.0072226632704,5.7563011920586,13.3817106456281
"180",-94.9024453062076,38.1142959892869,0,0.277313346785817,0.0295474200057654,0.046627270106659,0.45942634765062,0.186292879792447,960.479183472577,19.2907728437385,6.0944276058337,12.6925619667316
"181",-99.7406571262321,38.0792825057396,0,0.256895930860641,0.0310406913935902,0.00230464530068419,0.00136838314728124,0.506229744328412,348.310346486551,21.2349923853499,4.23830071723941,12.7365966900678
"182",-97.0782433091589,37.989800837396,0,0.13999134074181,0.0425025256169721,0.00158753066820609,0.0266272189349112,0.789147063068264,844.080178960901,20.3788317863364,6.55197876490117,13.4654082514772
"183",-97.4758999646408,39.3143901791164,0,0.44220820636383,0.0386223513570973,0.00531500248033449,0.0578980936857771,0.455885479413224,593.065591639551,19.3371892823533,5.22049533391789,12.2788327210868
"184",-99.362969947175,39.114801033025,0,0.887230867618845,0.0112271726000142,0.00547147019114617,0.00874014069494777,0.0567753854899453,459.060319681216,20.5407534579005,3.57276533957509,12.0567240419769
"185",-100.814993503093,39.1769031536176,0,0.311443986937385,0.03932983103791,7.09924747976715e-05,0,0.595555871077666,319.807797294526,20.3146317984176,2.50568040900449,11.4101236345737
"186",-97.7088053789434,39.274149040246,0,0.169230769230769,0.0394895427153492,0.00141793690180787,0.039276852180078,0.750514002126905,679.271448597402,20.1273259512965,5.18610583586488,12.6566921737423
"187",-96.948197715586,37.7855885358253,0,0.819865441655212,0.0593214208203718,0.00911524271142299,0.0338566157852854,0.0772625334587282,807.037914885465,20.4682482063272,6.49890387906537,13.4835260918807
"188",-100.046847135519,39.5042071552025,0,0.0847062150887365,0.0313229159301421,0.00120200806052464,7.07063565014495e-05,0.717528105776709,367.015338199117,19.8835202743537,3.16203512602734,11.5227085272192
"189",-99.9268813972365,38.0259838371936,0,0.794836662580226,0.0274753010744934,0.0036056825557078,0.00165861397562559,0.0987957020263936,322.824933411036,21.1668447941476,4.09770743985188,12.6322384860273
"190",-96.1757265140411,39.2832925881834,0,0.679146280933135,0.0351698220236829,0.00432532085371907,0.130681415301709,0.150251719492307,853.338577656069,18.7124094897087,5.12108633201684,11.9167143240026
"191",-95.2054132326056,38.9561947092774,0,0.146426537585421,0.466543280182232,0.0612898633257403,0.0735335990888383,0.250213553530752,946.179630783051,18.8904302532937,6.1198238048221,12.5050595826427
"192",-98.9442402599086,39.4516545867688,0,0.548539913738245,0.0567772042706639,0.00537368309411016,0.0704942374319451,0.301986848617691,493.450946026029,20.3186853663992,3.23876275444593,11.7787190230402
"193",-101.577926597826,39.4549281567541,0,0.00063608735599689,0.0335712771220581,0,7.06763728885434e-05,0.710226871156972,313.424265687542,19.4233920375672,1.96893521959742,10.6961404172292
"194",-96.4817733844717,39.0836536979149,0,0.666429789653212,0.0329022171688459,0.00419272313814667,0.222640704945992,0.0729818078453667,902.825722851149,18.4793855081074,5.42732518076174,11.9533372235052
"195",-98.1045566750933,39.4544590884165,0,0.0783634821933296,0.459511023176936,0.0163227812323347,0.054903900508762,0.387931034482759,526.786403797032,19.6642272054385,4.68652356294433,12.1753754703471
"196",-99.8111755787197,38.3544685868749,0,0.301701241834757,0.0366090015074295,0.00122030005024765,0,0.424090158639007,302.302297968026,20.8064971488698,3.40131249734978,12.1038603385069
"197",-95.7582275689098,37.8523582641623,0,0.823202023852548,0.0338272497289483,0.038814600650524,0.0508854354897,0.0521142031080593,761.692790476057,19.6816672222052,6.97701728093635,13.3293140889452
"198",-99.2758313312608,37.1006516503393,0,0.826331555490612,0.0225031051362607,0.00277635712720099,0.000949806385621393,0.111565719295682,392.903610543165,22.6566066417061,6.13604493971533,14.3962818602819
"199",-98.5583836948285,39.1834367409334,0,0.426028368794326,0.0370212765957447,0.00574468085106383,0.0219148936170213,0.452836879432624,615.801916359246,20.2051538787486,3.9073711742443,12.0562130733632
"200",-94.6991289359694,37.5324586082944,0,0.428737469126834,0.305608019758826,0.00733691704198751,0.0270231003922708,0.229623710591312,866.195207782574,20.2145731784523,7.41273305278207,13.8135752746713
"201",-97.9643684111196,39.602006979534,0,0.277860117157174,0.0305596725245254,0.00423459665466864,0.0047992095419578,0.680217375961606,499.192194059915,19.2221247384424,4.62287351243586,11.9224750606004
"202",-97.3001272724541,39.8925176983182,0,0.265813888107956,0.0365476525161653,0.00217880236154062,0.0358448130447006,0.659544560022491,737.902945685621,18.4381719104453,3.97754646803878,11.2078100021758
"203",-97.4779315903358,39.495987072131,0,0.096015260703688,0.0442984315387876,0.00268475342659319,0.069450332061608,0.787551222269323,635.114928268754,19.2937281939104,5.31990661578169,12.3067466229628
"204",-101.323709995472,37.1942627144179,0,0.1171368175523,0.0750783584809388,0.0169837451709308,0.371018295794154,0.222756760696844,274.351715546701,21.7508235725342,4.02267911030984,12.8867337038786
"205",-96.1654307899839,37.5978161040008,0,0.788037166085947,0.0231562137049942,0.0227206736353078,0.086164343786295,0.0376016260162602,819.562749173079,20.5896060247123,5.78756381080003,13.1885546594405
"206",-96.3469815900666,38.709810653636,0,0.690345172586293,0.0132208961623669,0.00192953619666976,0.0946902022439791,0.199456871292789,830.769339371826,18.9593614486377,5.57440838014237,12.2668603893404
"207",-95.9737359917492,38.692712016838,0,0.530609329237803,0.051717979855704,0.00892920922923066,0.0991499392813772,0.308164868919209,973.580137030443,19.2133585912059,5.86845619502163,12.5409014986819
"208",-95.0570114045486,37.130598191524,0,0.109092235843549,0.0352451838879159,0.0517367192060712,0.147329246935201,0.654553415061296,832.688177846938,20.6938598071064,7.57792042853458,14.1358026357111
"209",-96.0673767542202,37.2016409089169,0,0.577573636628755,0.0113006707494896,0.0120297462817148,0.380941965587635,0.0178623505395159,781.540733034392,21.3224699059696,6.90533497553182,14.1138009227307
"210",-101.9653185078,37.1826627821603,0,0.465767407947503,0.0212176449143274,0.0012395187750638,0.0471746263215458,0.321764491432738,277.910486097902,21.7092379218277,4.01981052875449,12.86446826407
"211",-102.042434652928,39.5808850076057,0,0.304347826086957,0.0199745906267645,0,0,0.193111236589497,371.878053381988,18.9074736471426,2.02440537405554,10.465870638103
"212",-100.793000740152,39.1795705684563,0,0.248987998011505,0.0335913642496982,0,0,0.658049854413749,327.273280732454,20.1116920563771,2.49273380808337,11.3022147062639
"213",-97.948671348495,38.7181122167232,0,0.931470630270116,0.015935400886094,0.00593111333428612,0.0288695155066457,0.0177218808060597,762.767388796937,20.1949593881127,4.95813847077478,12.5764993120656
"214",-96.5106911584509,38.6608806690553,0,0.568884120171674,0.234048640915594,0.00779685264663805,0.106652360515021,0.0819742489270386,841.255641238368,18.8420211072356,5.5582542012453,12.200114910813
"215",-95.7304657201939,38.2879783329289,0,0.779710978503127,0.0677978287439787,0.00869940326407362,0.0437127040046013,0.0989287511683083,834.413899107405,19.3897215293759,6.60060124994037,12.9951329305898
"216",-97.4094155322172,38.0653297507368,0,0.127495495495495,0.0464144144144144,0.0043963963963964,0.0720720720720721,0.748540540540541,707.387162446101,20.6980185779071,6.28169695005427,13.4898193092172
"217",-97.4742942194674,37.3334788624004,0,0.159583757822733,0.0453354679086014,0.00138262261679523,0.0321641682433416,0.761533983408529,685.659135768951,21.1079872486741,6.93632604862871,14.0220943408323
"218",-95.4261859721714,37.4164459806482,0,0.263514005092761,0.0375409239723536,0.00312841033102946,0.057984721716988,0.637613677700982,810.048257436621,20.5175561632673,7.20297443753716,13.8601723620931
"219",-96.699325287432,38.2219502657633,0,0.910340361229042,0.0177016622292581,0.00474922645175218,0.0121608980355472,0.0549758940778585,853.26465758637,19.4769693827991,5.85995033759471,12.6684102872358
"220",-99.3297674109629,38.5043294407648,0,0.148936170212766,0.0459918332258758,0.00114621391217136,7.16383695107099e-05,0.62769539365284,361.241625250915,20.2751099949481,4.13063504586627,12.2028367670903
"221",-101.880243170406,37.6103393250376,0,0.00333647639080293,0.0174802350039893,0,0.00152317400449699,0.762239791107565,289.459798097953,21.3599260113928,3.45814439825642,12.4090179077356
"222",-100.510830572906,38.8908266466586,0,0.583475783475783,0.0217236467236467,7.12250712250712e-05,0.000213675213675214,0.280270655270655,319.995604543879,20.1066514403967,3.13897274356054,11.6227914769744
"223",-94.9429702115962,38.0112376689499,0,0.380478662053057,0.0421712802768166,0.00540657439446367,0.464388696655133,0.107122260668973,957.73024214995,19.5416014442755,6.38447077800315,12.9629907210241
"224",-95.7876363924197,37.0133213586814,0,NA,0.0263734658094681,0.00482174167153711,0.190897136177674,0.0536966686148451,740.776573522466,21.1290414287137,7.32216525292916,14.2255317410647
"225",-95.9915709417631,39.7517211365937,0,0.203394605253891,0.0489471089513346,0.00359180223959434,0.0660609902105782,0.67638566096204,744.276789870688,17.9903112140076,4.30389760466592,11.1470365593515
"226",-97.3007175757182,38.4278333925743,0,0.500358989086732,0.0410683515221137,0.00416427340608845,0.0342475588742102,0.420089029293509,718.865951276667,19.9474454748507,5.68620234956442,12.8167554507466
"227",-101.127263879537,37.1125952920354,0,0.0214582877162251,0.0332822421721042,0.000364936865922195,0.0813079337274652,0.784103350120429,274.547230548753,21.9556129954107,4.25908634353146,13.1073076312404
"228",-97.7325108004943,38.5786668605162,0,0.509200257750412,0.0311448414118995,0.00443903486790291,0.0269921958903129,0.427865683396578,666.846587023254,20.3000735418685,5.49369787730755,12.8968494970627
"229",-98.0332563245008,38.6142780805053,0,0.681024613623354,0.022180881511162,0.0343445907269605,0.0854321694333143,0.162707498568975,629.615561608671,20.0962457939352,5.15114301719282,12.6236501002981
"230",-98.9310350967628,38.1131147508666,0,0.0636520737327189,0.0434187788018433,0.00259216589861751,0.000360023041474654,0.861175115207373,468.591335430297,20.8271773751362,5.22737102974118,13.0272546695316
"231",-97.6716812273775,39.867009662131,0,0.180265654648956,0.0427999156651908,0.00386534542132265,0.014336917562724,0.758521329678825,645.145414047949,18.4092596371767,3.76053717478421,11.0848295169636
"232",-100.716395550421,39.735989899366,0,0.550475519549137,0.0303628038041564,0.0323353293413174,0.000774920746741811,0.277914758717858,278.813523533698,20.0807035850788,2.25511037129641,11.1678871948159
"233",-96.3083321921422,39.6164323280904,0,0.344010159446875,0.0329476506279103,0.00917172287286581,0.167560321715818,0.446098490193312,734.286461136934,17.9874383479267,4.30910326078656,11.1482427559427
"234",-96.6611802685507,38.3149650195028,0,0.89391979301423,0.00747448612907863,0.0108523788989507,0.057064826793158,0.0302572948109817,851.178567154537,19.3717886143084,5.87755531537285,12.6246445974529
"235",-98.2989013179956,39.7327363955197,0,0.455442057062346,0.0342374075378654,0.00211342021838676,0.0766467065868263,0.428812962310673,586.973157518973,18.89105056982,3.89220499866701,11.3915631429039
"236",-98.252932284398,38.697286466259,0,0.729052075148225,0.0390027859132795,0.0163583113079506,0.0750767911993714,0.114793913850989,644.764063585097,20.475758510782,4.94068693354086,12.7081781580539
"237",-98.1885600666188,37.3695649843491,0,0.468170243724991,0.059585303746817,0.00385594761731539,0.00829392506365951,0.459876318661331,544.237362755452,21.2224483141458,5.99938557445405,13.6108747309304
"238",-95.3094343502708,39.6484551483978,0,0.184247637850797,0.0397687209138344,0.0053589056550557,0.0782682273304188,0.692144972500353,784.037983272279,17.8609076724108,4.45676714934793,11.1587875208421
"239",-101.246340307071,37.3072274277119,0,0.00487840396097277,0.0582495995340032,0,0.00844619193243046,0.837337993301296,241.362775355159,21.4732508831263,3.93331710741617,12.703236222872
"240",-95.7841705267889,37.7557272867234,0,0.599246867984648,0.0223042943008183,0.00376566007676153,0.317908610326599,0.0516329929755956,875.739392293593,20.0828542012092,6.87728497353417,13.4799817561172
"241",-99.2401482802562,37.3021979986381,0,0.66363305424099,0.0357480888241718,0.000582453585729887,7.28066982162359e-05,0.297925009100837,446.901579887624,22.5762543348041,7.23941140738569,14.9077768551207
"242",-99.6655188519434,37.8719274759991,0,0.145252204075733,0.050729874259286,0.00802139037433155,0.00122850122850123,0.484968926145397,345.978136893628,21.2579252964729,4.64876739945892,12.9533222215405
"243",-100.274307397199,38.9400747351617,0,0.626211516533637,0.0226624857468643,0.000570125427594071,0,0.225270809578107,270.799589169163,19.6788914875849,3.52077299608585,11.599773912162
"244",-98.5306767293832,39.0638954168705,0,0.299559158134243,0.132750284414107,0.00440841865756542,0.0801336746302617,0.476109215017065,707.174406876699,20.4537164126367,4.68263847521704,12.5681325033696
"245",-99.1181088997141,38.4287586274098,0,0.284444444444444,0.033405017921147,0.00860215053763441,0.00186379928315412,0.363154121863799,443.978414535069,20.4610231963194,4.44996058443852,12.4554615041562
"246",-97.7248974596751,37.5155537230834,0,0.0406888033132311,0.0310252125263387,0.00363292886725278,0.0449756593765894,0.879532078761898,758.768454718764,20.8277810798802,6.98808779858177,13.9078959187969
"247",-94.7447591798153,37.5817653704833,0,0.647605224963716,0.0398403483309144,0.010377358490566,0.106676342525399,0.189912917271408,841.310949764703,20.2144652375593,7.48073614869123,13.8475648697156
"248",-99.188476492975,38.0384246574759,0,0.27035407802697,0.0427633951106945,0.0149275257806303,0.000504795557799091,0.623566741184106,380.941354095968,21.0089243088628,5.27880606890345,13.1438396672318
"249",-96.3170654182738,38.2959728347028,0,0.974207917235434,0.0220561821969969,0.00301745815072922,0.000502909691788203,0.000143688483368058,905.13149403365,19.6155376521294,6.03300600095305,12.8242666515808
"250",-95.8160630458007,37.7935921613913,0,0.339602169981917,0.0343580470162749,0.000723327305605787,0.524412296564195,0.100759493670886,824.035997022712,19.8232184842957,6.81065910332756,13.3168603997373
"251",-97.2910093364872,38.3511495828478,0,0.28255404725993,0.0417295123177476,0.00330388565682683,0.0260001436472025,0.645765998707175,727.996898977401,20.1782661931532,5.83825520075484,13.0082056972494
"252",-97.0072438467421,39.9391834904987,0,0.213834269662921,0.0298455056179775,0.0023876404494382,0.0569522471910112,0.696980337078652,750.82075423173,18.3355674195016,3.77249264338559,11.0540120292788
"253",-101.833555797424,37.0161345725973,0,0.363968439509059,0.0336791350087668,0.000146113383985973,0.113968439509059,0.404514903565167,288.111205159783,21.9030367011862,4.40914687408345,13.1560420984513
"254",-97.7891662341978,38.3220269172203,0,0.0944480356245062,0.0376355670473318,0.00366300366300366,0.0186741363211951,0.845579257343963,592.267656912206,20.3646954178598,5.69804498666274,13.0313029962724
"255",-100.953456278151,38.0587413465345,0,0.0484848484848485,0.0558441558441558,0.000144300144300144,0.000432900432900433,0.834487734487735,229.450338695736,20.8847348293352,3.33551234420247,12.110126909926
"256",-96.9505313006713,38.3196449088944,0,0.514476614699332,0.0432502334937855,0.004957252676198,0.0367842517422229,0.40031611466341,810.452334606579,19.7716904065456,5.88272796409208,12.8271983709167
"257",-96.8435109612446,37.1308578859383,0,0.860020434972997,0.0423295869216173,0.00598452780615968,0.0797693767333236,0.0108743249160706,872.837179518792,21.6607415308934,6.9041641263712,14.2824025375059
"258",-99.9339745161331,37.0526212638339,0,0.870289219982472,0.0361524978089395,0.00372480280455741,0.000657318141980719,0.058428279287175,364.469175974859,22.7604673488116,5.3126949696486,14.0365422778653
"259",-98.180577222702,39.9943958071395,0,0.4944222268996,0.0147337402652073,0.00287658738511191,0.0178208096541079,0.242685750368344,654.851287206175,18.6684236033393,2.97137647113586,10.8198352005521
"260",-97.0038727021172,37.2533256421563,0,0.0812326970712516,0.275754043421244,0.0748215066297538,0.122541162756812,0.443246393705377,822.150119181746,21.565117127503,7.42691200216586,14.4959331961298
"261",-95.4718453728091,38.6557657197221,0,0.602488024594266,0.0410381068134697,0.00235933366697648,0.0576249374419103,0.296132122685351,846.74788845011,18.8312102377119,6.46266720653061,12.6468673307847
"262",-96.929433972427,39.4712622924869,0,0.671004243281471,0.0317538896746818,0.00544554455445545,0.0640735502121641,0.227652050919378,758.754688895949,18.6559694842058,5.0862067534985,11.871066623438
"263",-97.7763208465524,37.4186190027185,0,0.106449501926852,0.050170871809787,0.000799825492619792,0.0161419326692358,0.826365156693085,648.195530361553,20.9508612411081,6.95798355833875,13.9543726402681
"264",-96.196765334566,37.0067769892086,0,NA,0.0287843366452367,0.00372589129164231,0.316262419637639,0.00533313851548802,755.894822720409,21.6645720908863,7.25733906450931,14.4608916912414
"265",-100.953976593675,39.5406702045488,0,0.246097337006428,0.0281133008405736,0.00960655506110051,0.000635727908455181,0.700925337288974,314.577243229864,19.8711683384374,2.22552885058807,11.0483224420269
"266",-95.1427922891549,37.5885695334111,0,0.545401798665506,0.0438062082970699,0.00369886858137511,0.0899332753118654,0.316942268639397,778.199135768007,20.26907938026,7.24242877494997,13.7556991926214
"267",-99.2584805770854,37.8411719318495,0,0.0910142413070194,0.0443866117255838,0.00296392684161064,7.22908985758693e-05,0.812260536398467,379.60977385348,21.2435670772959,5.24437193143201,13.2439132629086
"268",-100.611698747812,38.5417689962645,0,0.28085380703388,0.0274335649308789,0.000429768641214813,0.000286512427476542,0.498961392450398,216.665225493606,20.9928022181684,3.14960918323164,12.0711740931246
"269",-97.751569098144,38.4209159651697,0,0.0997059034502546,0.0404562083064343,0.00552327666594936,0.00401692848432681,0.849939028764077,610.055901020049,20.2813949400193,5.58579898406721,12.9335547366601
"270",-96.3604285148604,37.5015184209405,0,0.839311646819634,0.0249782166715074,0.0146674411850131,0.086988091780424,0.0339819924484461,864.020946776164,20.9545749338175,5.8623508989192,13.4084337973568
"271",-101.875085316443,37.4407506541353,0,0.108970630997383,0.0194097121256179,0,0.00334399534748473,0.673742366967142,277.266694619151,21.4813236219133,3.76572266442245,12.6234729989591
"272",-96.4402513119527,38.8808430928067,0,0.925511440587355,0.0108346995509302,0.00384916957730416,0.035783020885309,0.0240216693991019,850.040600905021,18.5272759451111,5.44072170750846,11.9839773337825
"273",-100.37963719218,37.0006837127315,0,0.463198712320749,0.00519461515949663,0.00373134328358209,0.000658472344161545,0.000804799531753,298.264313976267,22.5068703815695,4.65375287949947,13.580274820588
"274",-99.3018110831008,39.0535316722221,0,0.772255403868032,0.037471558589306,0.00575938566552901,0.000782138794084187,0.140927189988623,419.380428512698,20.4976083572053,3.94595347744576,12.2217303718928
"275",-98.7934287853445,39.6567581397385,0,0.490973201692525,0.0319464033850494,0.0040197461212976,0.0464739069111425,0.392383638928068,548.685291199677,19.7117937387507,3.4442577749293,11.5780108375952
"276",-98.346934808796,39.0494295070758,0,0.705012442232492,0.026377532883043,0.00469249911126911,0.00966939210806968,0.24912904372556,661.012935733618,20.4882751963729,4.73460494197843,12.6114246218739
"277",-100.589519290229,38.5998118144767,0,0.0274855056903586,0.0410851048600673,0.000930498890559015,0,0.548779614916613,248.807794273891,21.1394932248217,3.18585108370271,12.1626479438769
"278",-95.591519862112,38.2985849789312,0,0.584908372260151,0.0384477182896155,0.00689902982393101,0.0628099173553719,0.306647502694934,815.328603879172,19.2390970298062,6.52057370639087,12.8797751747038
"279",-97.929848288139,37.9652389051656,0,0.192696304849885,0.0715213625866051,0.00310334872979215,0.0399826789838337,0.691325057736721,537.577456185749,20.8027836454972,5.72130636993748,13.2620083805403
"280",-98.533961225244,37.3519415438082,0,0.801672727272727,0.0232727272727273,0.00938181818181818,0.0799272727272727,0.0836363636363636,454.605202431529,21.4852662221827,5.87111730061266,13.678141397389
"281",-95.9066795741742,37.948615920812,0,0.828290851325005,0.0117698028738537,0.00303270994295617,0.116903747563001,0.0398584735359954,833.636055962535,19.6625837102825,6.71766072721594,13.1900986816611
"282",-100.976976084942,37.8892580701769,0,0.832562843108928,0.00166136954637388,0,0.000361167292689974,0.153351632476163,228.357467684325,21.029775118128,3.56956740195673,12.2995939725874
"283",-96.3306136508287,37.3958852889192,0,0.810891377053948,0.0213028937036498,0.0689981096408318,0.0887014686636615,0.00974262032863167,885.348243651968,21.0220125471291,5.86812199724026,13.4450380154171
"284",-97.8876229963055,39.1707819738333,0,0.11084286018604,0.0484271817084428,0.000213022793438898,0.0233614996804658,0.817013420435987,618.217735094522,20.5983733196772,5.11386967465237,12.8560814240176
"285",-101.862955734015,39.0659369312591,0,0.337313432835821,0.0252309879175551,0.000923951670220327,0,0.316702203269367,327.903715016683,19.3380046032928,2.08588051992664,10.7119155565748
"286",-100.232548012558,39.9861139955638,0,0.351988217967599,0.0300161301634056,0.00434813100497931,0,0.507048180096781,392.504920763089,19.9208660174929,2.05418069866503,10.987497849935
"287",-95.0948014181271,39.5778724208766,0,0.135154209894841,0.0961253440609782,0.0856800056461289,0.114898722563343,0.0322535111863928,766.755651415245,18.0872996495066,5.08223367102232,11.5846940669099
"288",-96.6432122522156,37.6064540806629,0,0.669254771061607,0.0317103258108991,0.0256149771424425,0.125027211377984,0.147521950511574,746.574086135951,20.518209266822,6.39947431427721,13.4588117210962
"289",-100.311664742431,38.9910422970408,0,0.312042108258055,0.0371292410555516,0.000213386442847998,0,0.488868340564763,269.280198165989,19.6220339296139,3.50066237984503,11.5613130632736
"290",-97.0156348112087,37.7869518845046,0,0.247177185871453,0.132382744643891,0.0508830341632889,0.151925303995368,0.412927041111754,824.437169274197,20.4489867446612,6.53845776047428,13.4936781960516
"291",-98.45916841413,37.7718147907868,0,0.478097168923322,0.0293244515241474,0.0174498588081964,0.0197668525088697,0.438925494171313,419.837939228137,20.9228712847031,5.72206820195215,13.3224511061816
"292",-101.787842296993,39.9456330397061,0,0.405771661283528,0.0241539109675607,0.000631933717174554,0,0.265201516640921,363.743732635201,19.6703100796656,1.6861675233759,10.678201201896
"293",-94.7301975125782,38.1438656036569,0,0.343315815995969,0.0656540205888705,0.011014325822475,0.193218630768123,0.385429414728961,1035.44600691748,19.178707021677,5.85038193897619,12.5145170463685
"294",-95.038773379786,39.6932928086032,0,0.0959261347617705,0.0346067098956865,0.00359458697490837,0.280307301945306,0.584860445446856,803.725079160976,17.5477279987488,4.45436883068993,11.001023538489
"295",-99.3972922629647,37.6869228384203,0,0.400999420625724,0.0278823870220162,0.000941483198146002,0.000144843568945539,0.552867902665122,409.212091617529,21.5918039022031,4.98334045039874,13.2875225617467
"296",-96.0219573628071,39.4215641882025,0,0.675297113752122,0.0328947368421053,0.0251131861912847,0.174660441426146,0.0915393322014714,799.885368647654,18.341647077326,4.73998321235105,11.5407973789997
"297",-95.1358989170753,38.9300086492066,0,0.318625703899066,0.0931641599543802,0.0143274645377432,0.156532896143702,0.416494404447929,927.550666857117,18.8816940430781,5.99569930499768,12.438652905358
"298",-99.443610391119,37.1543401323582,0,0.548172999781198,0.0197651520676829,0.000145868280942309,7.29341404711546e-05,0.311939318795128,435.560887933855,22.8218608456937,6.06892987841891,14.4453518990186
"299",-101.693470886572,37.7629742399828,0,0.229605501266739,0.0287368802026782,0.000144770177343467,0.11690191820485,0.367788635541079,226.030594993121,21.2703203531449,2.97734894342315,12.1237896280831
"300",-95.7946122948082,39.7825547493565,0,0.13496198254013,0.0341453111799493,0.00563221627710504,0.109546606589693,0.715150661785413,735.499145264824,18.1180017243089,4.10918689295533,11.1135800733032
"301",-100.70912320245,38.9511515604863,0,0.302073683460415,0.0277916340055583,0.00292168460058434,0.000783866600156773,0.430556545286111,348.200666316374,20.2151760919588,2.79869013344227,11.5069054249133
"302",-98.0066789043644,37.4106602345784,0,0.551257815908099,0.0335175221753672,0.00581648974843682,0.0889922931510833,0.320343172895158,596.645139540354,21.176658035858,6.51566319908646,13.8461289090622
"303",-95.1623515043345,39.7436561521999,0,0.0493835857696372,0.0506516379006693,0.000704473406128919,0.00958083832335329,0.889468122578373,797.102477455784,17.273115902152,4.00876957618102,10.640918531479
"304",-99.3338550732144,39.942515266057,0,0.82561977666971,0.0544279794929419,0.0400309010464218,0.00358171219889037,0.0697380434019243,535.994028777472,19.220610754106,2.77242205049017,10.9964668758081
"305",-98.0120512542757,37.9960606443519,0,0.0744481315827442,0.0885875054104747,0.0018034915596595,0.00129851392295484,0.833213100562689,517.564200069734,20.7541291168248,5.68721589322542,13.2206417566993
"306",-99.2852989407255,37.3921454287748,0,0.654645921186564,0.0447869710629635,0.00988803257234259,0.000581648974843682,0.278391740584557,419.188259843503,22.003832290961,5.99467809857395,13.9992181647515
"307",-95.5518057706833,37.8090392950119,0,0.60500253018145,0.0333983951420516,0.00245789055157956,0.144870960746042,0.214125641581725,860.36796154907,20.0728772564337,6.90432898712771,13.4885643555785
"308",-95.945405191256,37.9281434846801,0,0.721062892627627,0.0130695357065492,0.00346595422052134,0.217344212578526,0.0447685753484006,821.730629583542,19.7380727628498,6.64987840834885,13.1939371115605
"309",-96.6254927090855,38.0618499360003,0,0.914792387543253,0.0407295271049596,0.0289071510957324,0.0105247981545559,0.00374855824682814,917.099670467961,19.4346198510115,5.69427997814035,12.5644208098654
"310",-101.64676111689,39.8049854660693,0,0.480112636395635,0.0135163674762408,0,0,0.383597324885604,379.720046470189,19.7266107615998,1.75374191440986,10.7401308586005
"311",-99.287230830814,37.9723926736331,0,0.185064935064935,0.0393217893217893,0.00303030303030303,7.21500721500722e-05,0.712842712842713,347.771362519578,21.1134883563563,5.17267796424416,13.1430248765178
"312",-94.7255144752612,37.6497491786238,0,0.403782060570932,0.0399942037385886,0.0237646717866976,0.412838719026228,0.115418055354296,881.442658332409,20.0460587774383,7.10195700439636,13.5739578587761
"313",-97.9474498659509,38.6891879017515,0,0.697069335239457,0.024517512508935,0.00536097212294496,0.0143674052894925,0.258327376697641,762.767388796937,20.1949593881127,4.95813847077478,12.5764993120656
"314",-98.0361270178688,38.7753404179455,0,0.851256783776064,0.0151385318480434,0.00714081690945444,0.0330619822907741,0.0921879463010568,745.673271212628,20.3017619290515,4.55387864910053,12.4277460603252
"315",-95.2154675243524,37.8703286038084,0,0.32333381523782,0.0330345525516843,0.00267456990024577,0.0345525516842562,0.606043082261096,854.398057834995,19.6169468213051,6.74990546338618,13.1833988922967
"316",-98.4102644420346,37.460202035346,0,0.644144144144144,0.0257919209532113,0.00980819529206626,0.0437372856727695,0.275356001162453,533.131989330847,21.2558895383462,6.03514946960788,13.6454879755093
"317",-101.964638668,37.9067577019172,0,0.0757674250631997,0.0308414590104731,0,0.247381726254966,0.376959191043698,296.790166102147,20.8806413045001,2.47306085629251,11.6768174511302
"318",-95.8125568865618,38.2224200905722,0,0.223635971533319,0.036014664653871,0.523398749191287,0.108906620659909,0.0726762993314643,850.715346871051,19.6540461959568,6.82031071274988,13.2371501667268
"319",-101.9230981803,38.670048377231,0,0.00793310463121784,0.0334476843910806,0,0.000929102344196684,0.784305317324185,367.259578305313,20.0039600063951,2.01978121611117,11.0118379423103
"320",-101.713887361003,37.3583652828183,0,0.396333478830205,0.00138222028226393,0.000145496871817256,0.0237159901062127,0.248945147679325,248.314775943604,21.5332736233002,3.72464199273733,12.6289134246252
"321",-99.4288009388195,37.1481549565941,0,0.507303534910897,0.0141688577271399,0.00109553023663453,0,0.340344726847794,435.560887933855,22.8218608456937,6.06892987841891,14.4453518990186
